{
	"AF": "Afganistanas",
	"IE": "Airija",
	"AX": "Aland\u0173 Salos",
	"AL": "Albanija",
	"DZ": "Al\u017eyras",
	"AS": "Amerikos Samoa",
	"AD": "Andora",
	"AI": "Angilija",
	"AO": "Angola",
	"AQ": "Antarktida",
	"AG": "Antigva ir Barbuda",
	"AR": "Argentina",
	"AM": "Arm\u0117nija",
	"AW": "Aruba",
	"AU": "Australija",
	"AT": "Austrija",
	"AZ": "Azerbaid\u017eanas",
	"BS": "Bahamos",
	"BH": "Bahreinas",
	"BY": "Baltarusija",
	"BD": "Banglade\u0161as",
	"BB": "Barbadosas",
	"BE": "Belgija",
	"BZ": "Belizas",
	"BJ": "Beninas",
	"BM": "Bermuda",
	"GW": "Bisau Gvin\u0117ja",
	"BO": "Bolivija",
	"BA": "Bosnija ir Hercegovina",
	"BW": "Botsvana",
	"BR": "Brazilija",
	"BN": "Brun\u0117jus",
	"BG": "Bulgarija",
	"BF": "Burkina Fasas",
	"BI": "Burundis",
	"BT": "Butanas",
	"BV": "Buv\u0117 Sala",
	"CF": "Centrin\u0117s Afrikos Respublika",
	"TD": "\u010cadas",
	"CZ": "\u010cekija",
	"CL": "\u010cil\u0117",
	"DK": "Danija",
	"VG": "Did\u017eiosios Britanijos Mergeli\u0173 Salos",
	"DM": "Dominika",
	"DO": "Dominikos Respublika",
	"CI": "Dramblio Kaulo Krantas",
	"JE": "D\u017eersis",
	"DJ": "D\u017eibutis",
	"EG": "Egiptas",
	"EC": "Ekvadoras",
	"ER": "Eritr\u0117ja",
	"EE": "Estija",
	"ET": "Etiopija",
	"FO": "Farer\u0173 Salos",
	"FJ": "Fid\u017eis",
	"PH": "Filipinai",
	"FK": "Folklando Salos",
	"GA": "Gabonas",
	"GY": "Gajana",
	"GM": "Gambija",
	"GH": "Gana",
	"GG": "Gernsis",
	"GI": "Gibraltaras",
	"GR": "Graikija",
	"GD": "Grenada",
	"GL": "Grenlandija",
	"GE": "Gruzija",
	"GU": "Guamas",
	"GP": "Gvadelupa",
	"GT": "Gvatemala",
	"GN": "Gvin\u0117ja",
	"HT": "Haitis",
	"HM": "Herdo ir Makdonaldo Salos",
	"HN": "Hond\u016bras",
	"IN": "Indija",
	"IO": "Indijos Vandenyno Brit\u0173 Sritis",
	"ID": "Indonezija",
	"HK": "Ypatingasis Administracinis Kinijos Regionas Honkongas",
	"MO": "Ypatingasis Administracinis Kinijos Regionas Makao",
	"IQ": "Irakas",
	"IR": "Iranas",
	"IS": "Islandija",
	"ES": "Ispanija",
	"IT": "Italija",
	"IL": "Izraelis",
	"JM": "Jamaika",
	"JP": "Japonija",
	"YE": "Jemenas",
	"JO": "Jordanija",
	"GB": "Jungtin\u0117 Karalyst\u0117",
	"US": "Jungtin\u0117s Valstijos",
	"AE": "Jungtiniai Arab\u0173 Emyratai",
	"UM": "Jungtini\u0173 Valstij\u0173 Ma\u017eosios Tolimosios Salos",
	"VI": "Jungtini\u0173 Valstij\u0173 Mergeli\u0173 Salos",
	"ME": "Juodkalnija",
	"KY": "Kaiman\u0173 Salos",
	"CX": "Kal\u0117d\u0173 Sala",
	"KH": "Kambod\u017ea",
	"CM": "Kamer\u016bnas",
	"CA": "Kanada",
	"BQ": "Karib\u0173 Nyderlandai",
	"QA": "Kataras",
	"KZ": "Kazachstanas",
	"KE": "Kenija",
	"CN": "Kinija",
	"CY": "Kipras",
	"KG": "Kirgizija",
	"KI": "Kiribatis",
	"CW": "Kiurasao",
	"CC": "Kokos\u0173 (Kilingo) Salos",
	"CO": "Kolumbija",
	"KM": "Komorai",
	"CG": "Kongas-Brazavilis",
	"CD": "Kongas-Kin\u0161asa",
	"CR": "Kosta Rika",
	"HR": "Kroatija",
	"CU": "Kuba",
	"CK": "Kuko Salos",
	"KW": "Kuveitas",
	"LA": "Laosas",
	"LV": "Latvija",
	"PL": "Lenkija",
	"LS": "Lesotas",
	"LB": "Libanas",
	"LR": "Liberija",
	"LY": "Libija",
	"LI": "Lichten\u0161teinas",
	"LT": "Lietuva",
	"LU": "Liuksemburgas",
	"MG": "Madagaskaras",
	"YT": "Majotas",
	"MY": "Malaizija",
	"MW": "Malavis",
	"MV": "Maldyvai",
	"ML": "Malis",
	"MT": "Malta",
	"MP": "Marianos \u0160iaurin\u0117s Salos",
	"MA": "Marokas",
	"MH": "Mar\u0161alo Salos",
	"MQ": "Martinika",
	"MU": "Mauricijus",
	"MR": "Mauritanija",
	"MX": "Meksika",
	"IM": "Meno Sala",
	"MM": "Mianmaras (Birma)",
	"FM": "Mikronezija",
	"MD": "Moldova",
	"MC": "Monakas",
	"MN": "Mongolija",
	"MS": "Montseratas",
	"MZ": "Mozambikas",
	"NA": "Namibija",
	"NC": "Naujoji Kaledonija",
	"NZ": "Naujoji Zelandija",
	"NR": "Nauru",
	"NP": "Nepalas",
	"NL": "Nyderlandai",
	"NG": "Nigerija",
	"NE": "Nigeris",
	"NI": "Nikaragva",
	"NU": "Niuj\u0117",
	"NF": "Norfolko sala",
	"NO": "Norvegija",
	"OM": "Omanas",
	"PK": "Pakistanas",
	"PW": "Palau",
	"PS": "Palestinos teritorija",
	"PA": "Panama",
	"PG": "Papua Naujoji Gvin\u0117ja",
	"PY": "Paragvajus",
	"PE": "Peru",
	"ZA": "Piet\u0173 Afrika",
	"GS": "Piet\u0173 D\u017eord\u017eija ir Piet\u0173 Sandvi\u010do salos",
	"KR": "Piet\u0173 Kor\u0117ja",
	"SS": "Piet\u0173 Sudanas",
	"PN": "Pitkerno salos",
	"PT": "Portugalija",
	"FR": "Pranc\u016bzija",
	"GF": "Pranc\u016bzijos Gviana",
	"TF": "Pranc\u016bzijos Piet\u0173 sritys",
	"PF": "Pranc\u016bzijos Polinezija",
	"PR": "Puerto Rikas",
	"GQ": "Pusiaujo Gvin\u0117ja",
	"RE": "Reunjonas",
	"TL": "Ryt\u0173 Timoras",
	"RW": "Ruanda",
	"RO": "Rumunija",
	"RU": "Rusija",
	"SB": "Saliamono Salos",
	"SV": "Salvadoras",
	"WS": "Samoa",
	"SM": "San Marinas",
	"ST": "San Tom\u0117 ir Prinsip\u0117",
	"SA": "Saudo Arabija",
	"SC": "Sei\u0161eliai",
	"BL": "Sen Bartelemi",
	"MF": "Sen Martenas",
	"PM": "Sen Pjeras ir Mikelonas",
	"SN": "Senegalas",
	"KN": "Sent Kitsas ir Nevis",
	"LC": "Sent Lusija",
	"RS": "Serbija",
	"SL": "Siera Leon\u0117",
	"SG": "Singap\u016bras",
	"SX": "Sint Martenas",
	"SY": "Sirija",
	"SK": "Slovakija",
	"SI": "Slov\u0117nija",
	"SO": "Somalis",
	"SD": "Sudanas",
	"FI": "Suomija",
	"SR": "Surinamas",
	"SJ": "Svalbardas ir Janas Majenas",
	"SZ": "Svazilandas",
	"KP": "\u0160iaur\u0117s Kor\u0117ja",
	"MK": "\u0160iaur\u0117s Makedonija",
	"LK": "\u0160ri Lanka",
	"SH": "\u0160v. Elenos Sala",
	"SE": "\u0160vedija",
	"CH": "\u0160veicarija",
	"VC": "\u0160ventasis Vincentas ir Grenadinai",
	"TJ": "Tad\u017eikija",
	"TH": "Tailandas",
	"TW": "Taivanas",
	"TZ": "Tanzanija",
	"TC": "Terkso ir Kaikoso Salos",
	"TG": "Togas",
	"TK": "Tokelau",
	"TO": "Tonga",
	"TT": "Trinidadas ir Tobagas",
	"TN": "Tunisas",
	"TR": "Turkija",
	"TM": "Turkm\u0117nistanas",
	"TV": "Tuvalu",
	"UG": "Uganda",
	"UA": "Ukraina",
	"UY": "Urugvajus",
	"UZ": "Uzbekistanas",
	"EH": "Vakar\u0173 Sachara",
	"VU": "Vanuatu",
	"VA": "Vatikano Miesto Valstyb\u0117",
	"VE": "Venesuela",
	"HU": "Vengrija",
	"VN": "Vietnamas",
	"DE": "Vokietija",
	"WF": "Volisas ir Fut\u016bna",
	"ZM": "Zambija",
	"ZW": "Zimbabv\u0117",
	"CV": "\u017daliasis Ky\u0161ulys"
}
