{
	"AF": "Afeganist\u00e3o",
	"ZA": "\u00c1frica do Sul",
	"AL": "Alb\u00e2nia",
	"DE": "Alemanha",
	"AD": "Andorra",
	"AO": "Angola",
	"AI": "Anguila",
	"AQ": "Ant\u00e1rtida",
	"AG": "Ant\u00edgua e Barbuda",
	"SA": "Ar\u00e1bia Saudita",
	"DZ": "Arg\u00e9lia",
	"AR": "Argentina",
	"AM": "Arm\u00eania",
	"AW": "Aruba",
	"AU": "Austr\u00e1lia",
	"AT": "\u00c1ustria",
	"AZ": "Azerbaij\u00e3o",
	"BS": "Bahamas",
	"BH": "Bahrein",
	"BD": "Bangladesh",
	"BB": "Barbados",
	"BE": "B\u00e9lgica",
	"BZ": "Belize",
	"BJ": "Benin",
	"BM": "Bermudas",
	"BY": "Bielorr\u00fassia",
	"BO": "Bol\u00edvia",
	"BA": "B\u00f3snia e Herzegovina",
	"BW": "Botsuana",
	"BR": "Brasil",
	"BN": "Brunei",
	"BG": "Bulg\u00e1ria",
	"BF": "Burquina Faso",
	"BI": "Burundi",
	"BT": "But\u00e3o",
	"CV": "Cabo Verde",
	"CM": "Camar\u00f5es",
	"KH": "Camboja",
	"CA": "Canad\u00e1",
	"QA": "Catar",
	"KZ": "Cazaquist\u00e3o",
	"TD": "Chade",
	"CL": "Chile",
	"CN": "China",
	"CY": "Chipre",
	"VA": "Cidade do Vaticano",
	"CO": "Col\u00f4mbia",
	"KM": "Comores",
	"CD": "Congo - Kinshasa",
	"KP": "Coreia do Norte",
	"KR": "Coreia do Sul",
	"CI": "Costa do Marfim",
	"CR": "Costa Rica",
	"HR": "Cro\u00e1cia",
	"CU": "Cuba",
	"CW": "Cura\u00e7ao",
	"DK": "Dinamarca",
	"DJ": "Djibuti",
	"DM": "Dominica",
	"EG": "Egito",
	"SV": "El Salvador",
	"AE": "Emirados \u00c1rabes Unidos",
	"EC": "Equador",
	"ER": "Eritreia",
	"SK": "Eslov\u00e1quia",
	"SI": "Eslov\u00eania",
	"ES": "Espanha",
	"SZ": "Essuat\u00edni",
	"US": "Estados Unidos",
	"EE": "Est\u00f4nia",
	"ET": "Eti\u00f3pia",
	"FJ": "Fiji",
	"PH": "Filipinas",
	"FI": "Finl\u00e2ndia",
	"FR": "Fran\u00e7a",
	"GA": "Gab\u00e3o",
	"GM": "G\u00e2mbia",
	"GH": "Gana",
	"GE": "Ge\u00f3rgia",
	"GI": "Gibraltar",
	"GD": "Granada",
	"GR": "Gr\u00e9cia",
	"GL": "Groenl\u00e2ndia",
	"GP": "Guadalupe",
	"GU": "Guam",
	"GT": "Guatemala",
	"GG": "Guernsey",
	"GY": "Guiana",
	"GF": "Guiana Francesa",
	"GN": "Guin\u00e9",
	"GQ": "Guin\u00e9 Equatorial",
	"GW": "Guin\u00e9-Bissau",
	"HT": "Haiti",
	"HN": "Honduras",
	"HK": "Hong Kong, RAE da China",
	"HU": "Hungria",
	"YE": "I\u00eamen",
	"BV": "Ilha Bouvet",
	"CX": "Ilha Christmas",
	"IM": "Ilha de Man",
	"NF": "Ilha Norfolk",
	"AX": "Ilhas Aland",
	"KY": "Ilhas Cayman",
	"CC": "Ilhas Cocos (Keeling)",
	"CK": "Ilhas Cook",
	"FO": "Ilhas Faroe",
	"GS": "Ilhas Ge\u00f3rgia do Sul e Sandwich do Sul",
	"HM": "Ilhas Heard e McDonald",
	"FK": "Ilhas Malvinas",
	"MP": "Ilhas Marianas do Norte",
	"MH": "Ilhas Marshall",
	"UM": "Ilhas Menores Distantes dos EUA",
	"PN": "Ilhas Pitcairn",
	"SB": "Ilhas Salom\u00e3o",
	"TC": "Ilhas Turcas e Caicos",
	"VI": "Ilhas Virgens Americanas",
	"VG": "Ilhas Virgens Brit\u00e2nicas",
	"IN": "\u00cdndia",
	"ID": "Indon\u00e9sia",
	"IR": "Ir\u00e3",
	"IQ": "Iraque",
	"IE": "Irlanda",
	"IS": "Isl\u00e2ndia",
	"IL": "Israel",
	"IT": "It\u00e1lia",
	"JM": "Jamaica",
	"JP": "Jap\u00e3o",
	"JE": "Jersey",
	"JO": "Jord\u00e2nia",
	"KW": "Kuwait",
	"LA": "Laos",
	"LS": "Lesoto",
	"LV": "Let\u00f4nia",
	"LB": "L\u00edbano",
	"LR": "Lib\u00e9ria",
	"LY": "L\u00edbia",
	"LI": "Liechtenstein",
	"LT": "Litu\u00e2nia",
	"LU": "Luxemburgo",
	"MO": "Macau, RAE da China",
	"MK": "Maced\u00f4nia do Norte",
	"MG": "Madagascar",
	"MY": "Mal\u00e1sia",
	"MW": "Malaui",
	"MV": "Maldivas",
	"ML": "Mali",
	"MT": "Malta",
	"MA": "Marrocos",
	"MQ": "Martinica",
	"MU": "Maur\u00edcio",
	"MR": "Maurit\u00e2nia",
	"YT": "Mayotte",
	"MX": "M\u00e9xico",
	"MM": "Mianmar (Birm\u00e2nia)",
	"FM": "Micron\u00e9sia",
	"MZ": "Mo\u00e7ambique",
	"MD": "Moldova",
	"MC": "M\u00f4naco",
	"MN": "Mong\u00f3lia",
	"ME": "Montenegro",
	"MS": "Montserrat",
	"NA": "Nam\u00edbia",
	"NR": "Nauru",
	"NP": "Nepal",
	"NI": "Nicar\u00e1gua",
	"NE": "N\u00edger",
	"NG": "Nig\u00e9ria",
	"NU": "Niue",
	"NO": "Noruega",
	"NC": "Nova Caled\u00f4nia",
	"NZ": "Nova Zel\u00e2ndia",
	"OM": "Om\u00e3",
	"NL": "Pa\u00edses Baixos",
	"BQ": "Pa\u00edses Baixos Caribenhos",
	"PW": "Palau",
	"PA": "Panam\u00e1",
	"PG": "Papua-Nova Guin\u00e9",
	"PK": "Paquist\u00e3o",
	"PY": "Paraguai",
	"PE": "Peru",
	"PF": "Polin\u00e9sia Francesa",
	"PL": "Pol\u00f4nia",
	"PR": "Porto Rico",
	"PT": "Portugal",
	"KE": "Qu\u00eania",
	"KG": "Quirguist\u00e3o",
	"KI": "Quiribati",
	"GB": "Reino Unido",
	"CF": "Rep\u00fablica Centro-Africana",
	"CG": "Rep\u00fablica do Congo",
	"DO": "Rep\u00fablica Dominicana",
	"RE": "Reuni\u00e3o",
	"RO": "Rom\u00eania",
	"RW": "Ruanda",
	"RU": "R\u00fassia",
	"EH": "Saara Ocidental",
	"WS": "Samoa",
	"AS": "Samoa Americana",
	"SM": "San Marino",
	"SH": "Santa Helena",
	"LC": "Santa L\u00facia",
	"BL": "S\u00e3o Bartolomeu",
	"KN": "S\u00e3o Crist\u00f3v\u00e3o e N\u00e9vis",
	"MF": "S\u00e3o Martinho",
	"PM": "S\u00e3o Pedro e Miquel\u00e3o",
	"ST": "S\u00e3o Tom\u00e9 e Pr\u00edncipe",
	"VC": "S\u00e3o Vicente e Granadinas",
	"SC": "Seicheles",
	"SN": "Senegal",
	"SL": "Serra Leoa",
	"RS": "S\u00e9rvia",
	"SG": "Singapura",
	"SX": "Sint Maarten",
	"SY": "S\u00edria",
	"SO": "Som\u00e1lia",
	"LK": "Sri Lanka",
	"SD": "Sud\u00e3o",
	"SS": "Sud\u00e3o do Sul",
	"SE": "Su\u00e9cia",
	"CH": "Su\u00ed\u00e7a",
	"SR": "Suriname",
	"SJ": "Svalbard e Jan Mayen",
	"TJ": "Tadjiquist\u00e3o",
	"TH": "Tail\u00e2ndia",
	"TW": "Taiwan",
	"TZ": "Tanz\u00e2nia",
	"CZ": "Tch\u00e9quia",
	"IO": "Territ\u00f3rio Brit\u00e2nico do Oceano \u00cdndico",
	"TF": "Territ\u00f3rios Franceses do Sul",
	"PS": "Territ\u00f3rios palestinos",
	"TL": "Timor-Leste",
	"TG": "Togo",
	"TK": "Tokelau",
	"TO": "Tonga",
	"TT": "Trinidad e Tobago",
	"TN": "Tun\u00edsia",
	"TM": "Turcomenist\u00e3o",
	"TR": "Turquia",
	"TV": "Tuvalu",
	"UA": "Ucr\u00e2nia",
	"UG": "Uganda",
	"UY": "Uruguai",
	"UZ": "Uzbequist\u00e3o",
	"VU": "Vanuatu",
	"VE": "Venezuela",
	"VN": "Vietn\u00e3",
	"WF": "Wallis e Futuna",
	"ZM": "Z\u00e2mbia",
	"ZW": "Zimb\u00e1bue"
}
